"","domain","raw.r","lmeModel.CultSimilarity.Beta","lmeModel.CultSimilarity.logLikelihoodDifference","lmeModel.CultSimilarity.ChiSquared","lmeModel.CultSimilarity.p"
"2","The house","0.383380838045627","0.114392726286045","3","5.9340332584909","0.0148512132437944"
"3","Agriculture and vegetation","0.486133187734767","0.226171982507013","8.2","16.4652844749658","4.95490878146568e-05"
"4","Possession","0.360502344775312","0.0831230784189144","1.3","2.55062365742447","0.110250727481695"
"5","Emotions and values","0.392353714640467","0.067106749301279","1.4","2.79816111422008","0.0943724862324908"
"6","The physical world","0.525955413520337","0.164832585028782","5.8","11.5509163429165","0.000677158743042468"
"7","Social and political relations","0.494822049835821","0.108342427694803","3.7","7.3776835623413","0.00660381746225737"
"8","Basic actions and technology","0.382812387947808","0.0742382395806216","1.6","3.2102782734753","0.0731770368930429"
"9","Kinship","0.499056161332222","0.26961220601995","5.1","10.2966774933914","0.00133269946882847"
